Workbook

Sheet Reportes
A1: Fecha | B1: Hora | C1: Técnico | D1: MDM Fibra | E1: Código | F1: Actividad | G1: Categoría | H1: Valor | I1: Quincena

Sheet Liquidaciones
A1: Fecha | B1: Técnico | C1: Quincena | D1: Órdenes | E1: Bruto | F1: Retención 5% | G1: Neto a Cobrar

Sheet Resumen
A1: TÉCNICO | B1: DUO ONT | C1: DUO 1AP | D1: DUO 2AP+ | E1: TRIO½ ONT | F1: TRIO½ AP | G1: SOCIAL INT | H1: TOTAL
A2: Yoban | B2: =COUNTIFS(Reportes!$C:$C,$A2,Reportes!$G:$G,"DUOS PELADOS") | C2: =COUNTIFS(Reportes!$C:$C,$A2,Reportes!$G:$G,"DUOS 1 AP") | D2: =COUNTIFS(Reportes!$C:$C,$A2,Reportes!$G:$G,"DUOS 2 AP o MAS") | E2: =COUNTIFS(Reportes!$C:$C,$A2,Reportes!$G:$G,"TRIOS PELADOS") | F2: =COUNTIFS(Reportes!$C:$C,$A2,Reportes!$G:$G,"TRIOS CON AP") | G2: =COUNTIFS(Reportes!$C:$C,$A2,Reportes!$G:$G,"SOCIAL INTERNET") | H2: =SUM(B2:G2)
A3: Román Suta Castro | B3: =COUNTIFS(Reportes!$C:$C,$A3,Reportes!$G:$G,"DUOS PELADOS") | C3: =COUNTIFS(Reportes!$C:$C,$A3,Reportes!$G:$G,"DUOS 1 AP") | D3: =COUNTIFS(Reportes!$C:$C,$A3,Reportes!$G:$G,"DUOS 2 AP o MAS") | E3: =COUNTIFS(Reportes!$C:$C,$A3,Reportes!$G:$G,"TRIOS PELADOS") | F3: =COUNTIFS(Reportes!$C:$C,$A3,Reportes!$G:$G,"TRIOS CON AP") | G3: =COUNTIFS(Reportes!$C:$C,$A3,Reportes!$G:$G,"SOCIAL INTERNET") | H3: =SUM(B3:G3)
A4: Alexander Caballero | B4: =COUNTIFS(Reportes!$C:$C,$A4,Reportes!$G:$G,"DUOS PELADOS") | C4: =COUNTIFS(Reportes!$C:$C,$A4,Reportes!$G:$G,"DUOS 1 AP") | D4: =COUNTIFS(Reportes!$C:$C,$A4,Reportes!$G:$G,"DUOS 2 AP o MAS") | E4: =COUNTIFS(Reportes!$C:$C,$A4,Reportes!$G:$G,"TRIOS PELADOS") | F4: =COUNTIFS(Reportes!$C:$C,$A4,Reportes!$G:$G,"TRIOS CON AP") | G4: =COUNTIFS(Reportes!$C:$C,$A4,Reportes!$G:$G,"SOCIAL INTERNET") | H4: =SUM(B4:G4)
A5: Andrés Sebastián Vélez | B5: =COUNTIFS(Reportes!$C:$C,$A5,Reportes!$G:$G,"DUOS PELADOS") | C5: =COUNTIFS(Reportes!$C:$C,$A5,Reportes!$G:$G,"DUOS 1 AP") | D5: =COUNTIFS(Reportes!$C:$C,$A5,Reportes!$G:$G,"DUOS 2 AP o MAS") | E5: =COUNTIFS(Reportes!$C:$C,$A5,Reportes!$G:$G,"TRIOS PELADOS") | F5: =COUNTIFS(Reportes!$C:$C,$A5,Reportes!$G:$G,"TRIOS CON AP") | G5: =COUNTIFS(Reportes!$C:$C,$A5,Reportes!$G:$G,"SOCIAL INTERNET") | H5: =SUM(B5:G5)

Sheet Precios
A1: Código | B1: Actividad | C1: 1 a 2 Órd. | D1: 3 Órd. | E1: 4+ Órd. | F1: Categoría App
A2: 350001049885 | B2: HC SINGLE o DUO con ONT | C2: 37000 | D2: 43000 | E2: 47000 | F2: DUOS PELADOS
A3: 350001049886 | B3: HC SINGLE o DUO con ONT con 1 AP | C3: 45000 | D3: 50000 | E3: 55000 | F3: DUOS 1 AP
A4: 350001049887 | B4: HC SINGLE o DUO con ONT con 1 AP con 1 PUNTO DE RED | C4: 47000 | D4: 53000 | E4: 57000 | F4: DUOS 1 AP
A5: 350001049888 | B5: HC SINGLE o DUO con ONT con 1 AP con 2 PUNTOS DE RED | C5: 48000 | D5: 55000 | E5: 60000 | F5: DUOS 1 AP
A6: 350001049889 | B6: HC SINGLE o DUO con ONT con 1 PUNTO DE RED | C6: 37000 | D6: 43000 | E6: 47000 | F6: DUOS PELADOS
A7: 350001049890 | B7: HC SINGLE o DUO con ONT con 2 AP | C7: 50000 | D7: 56000 | E7: 61000 | F7: DUOS 2 AP o MAS
A8: 350001049891 | B8: HC SINGLE o DUO con ONT con 2 AP con 1 PUNTO DE RED | C8: 52000 | D8: 58000 | E8: 63000 | F8: DUOS 2 AP o MAS
A9: 350001049892 | B9: HC SINGLE o DUO con ONT con 2 AP con 2 PUNTOS DE RED | C9: 60000 | D9: 66000 | E9: 70000 | F9: DUOS 2 AP o MAS
A10: 350001049893 | B10: HC SINGLE o DUO con ONT con 2 PUNTOS DE RED | C10: 48000 | D10: 55000 | E10: 60000 | F10: DUOS PELADOS
A11: 350001049894 | B11: HC SINGLE o DUO con ONT con 3 AP | C11: 54000 | D11: 60000 | E11: 65000 | F11: DUOS 2 AP o MAS
A12: 350001049895 | B12: HC SINGLE o DUO con ONT con 3 AP con 1 PUNTO DE RED | C12: 56000 | D12: 62000 | E12: 68000 | F12: DUOS 2 AP o MAS
A13: 350001049896 | B13: HC SINGLE o DUO con ONT con 3 AP con 2 PUNTOS DE RED | C13: 64000 | D13: 72000 | E13: 75000 | F13: DUOS 2 AP o MAS
... A62: 350001049944 | B62: HC TRIO (5/6 STB) o DUO TV (5/6 STB) con ONT con 4 AP con 2 PUNTOS DE RED | C62: 124000 | D62: 143000 | E62: 158000 | F62: TRIOS CON AP
